lastName,id
Smith,1
Johnson,2
Williams,3
Brown,4
Jones,5
Miller,6
Davis,7
Garcia,8
Rodriguez,9
Wilson,10
Martinez,11
Anderson,12
Taylor,13
Thomas,14
Hernandez,15
Moore,16
Martin,17
Jackson,18
Thompson,19
White,20
Lopez,21
Lee,22
Gonzalez,23
Harris,24
Clark,25
Lewis,26
Robinson,27
Walker,28
Perez,29
Hall,30
Young,31
Allen,32
Sanchez,33
Wright,34
King,35
Scott,36
Green,37
Baker,38
Adams,39
Nelson,40
Hill,41
Ramirez,42
Campbell,43
Mitchell,44
Roberts,45
Carter,46
Phillips,47
Evans,48
Turner,49
Torres,50
Parker,51
Collins,52
Edwards,53
Stewart,54
Flores,55
Morris,56
Nguyen,57
Murphy,58
Rivera,59
Cook,60
Rogers,61
Morgan,62
Peterson,63
Cooper,64
Reed,65
Bailey,66
Bell,67
Gomez,68
Kelly,69
Howard,70
Ward,71
Cox,72
Diaz,73
Richardson,74
Wood,75
Watson,76
Brooks,77
Bennett,78
Gray,79
James,80
Reyes,81
Cruz,82
Hughes,83
Price,84
Myers,85
Long,86
Foster,87
Sanders,88
Ross,89
Morales,90
Powell,91
Sullivan,92
Russell,93
Ortiz,94
Jenkins,95
Gutierrez,96
Perry,97
Butler,98
Barnes,99
Fisher,100
