CountryCode;ISO3CountryCode;CountryName;NationalityDescription
AD;AND;Andorra;Andorran
AE;ARE;United Arab Emirates (the);United Arab Emirates
AF;AFG;Afghanistan;Afghan
AG;ATG;Antigua and Barbuda;Antiguan
AI;AIA;Anguilla;Anguillian
AL;ALB;Albania;Albanian
AM;ARM;Armenia;Armenian
AO;AGO;Angola;Angolan
AQ;ATA;Antarctica;From Antarctica
AR;ARG;Argentina;Argentinian
AS;ASM;American Samoa;Samoan
AT;AUT;Austria;Austrian
AU;AUS;Australia;Australian
AW;ABW;Aruba;Aruban
AX;ALA;Åland Islands;Åland Island
AZ;AZE;Azerbaijan;Azerbaijani
BA;BIH;Bosnia and Herzegovina;Bosnian-Herzegovinian
BB;BRB;Barbados;Barbadian
BD;BGD;Bangladesh;Bangladeshi
BE;BEL;Belgium;Belgian
BF;BFA;Burkina Faso;Burkinabe
BG;BGR;Bulgaria;Bulgarian
BH;BHR;Bahrain;Bahraini
BI;BDI;Burundi;Burundian
BJ;BEN;Benin;Beninese
BL;BLM;Saint Barthélemy;Barthélemois
BM;BMU;Bermuda;Bermudan
BN;BRN;Brunei Darussalam;Bruneian
BO;BOL;Bolivia (Plurinational State of);Bolivian
BQ;BES;Bonaire, Sint Eustatius and Saba;Dutch
BR;BRA;Brazil;Brazilian
BS;BHS;Bahamas (the);Bahaman
BT;BTN;Bhutan;Bhutanese
BV;BVT;Bouvet Island;Bouvet Islands
BW;BWA;Botswana;Botswanan
BY;BLR;Belarus;Belarusian
BZ;BLZ;Belize;Belizean
CA;CAN;Canada;Canadian
CC;CCK;Cocos (Keeling) Islands (the);Australian
CD;COD;Congo (the Democratic Republic of the);Congolese
CF;CAF;Central African Republic (the);Central African
CG;COG;Congo (the);Congolese
CH;CHE;Switzerland;Swiss
CI;CIV;Côte d'Ivoire;Ivoirian
CK;COK;Cook Islands (the);Cook Islands
CL;CHL;Chile;Chilean
CM;CMR;Cameroon;Cameroonian
CN;CHN;China;Chinese
CO;COL;Colombia;Colombian
CR;CRI;Costa Rica;Costa Rican
CU;CUB;Cuba;Cuban
CV;CPV;Cabo Verde;Cape Verdean
CW;CUW;Curaçao;Curacaoan
CX;CXR;Christmas Island;Australian
CY;CYP;Cyprus;Cypriot
CZ;CZE;Czechia;Czech
DE;DEU;Germany;German
DJ;DJI;Djibouti;Djiboutian
DK;DNK;Denmark;Danish
DM;DMA;Dominica;Dominican
DO;DOM;Dominican Republic (the);Dominican
DZ;DZA;Algeria;Algerian
EC;ECU;Ecuador;Ecuadorian
EE;EST;Estonia;Estonian
EG;EGY;Egypt;Egyptian
EH;ESH;Western Sahara*;French
ER;ERI;Eritrea;Eritrean
ES;ESP;Spain;Spanish
ET;ETH;Ethiopia;Ethiopian
FI;FIN;Finland;Finnish
FJ;FJI;Fiji;Fijian
FK;FLK;Falkland Islands (the) [Malvinas];British
FM;FSM;Micronesia (Federated States of);Micronesian
FO;FRO;Faroe Islands (the);Danish
FR;FRA;France;French
GA;GAB;Gabon;Gabonese
GB;GBR;United Kingdom of Great Britain and Northern Ireland (the);British
GD;GRD;Grenada;Grenadian
GE;GEO;Georgia;Georgian
GF;GUF;French Guiana;French
GG;GGY;Guernsey;Channel Island
GH;GHA;Ghana;Ghanaian
GI;GIB;Gibraltar;Gibraltar
GL;GRL;Greenland;Danish
GM;GMB;Gambia (the);Gambian
GN;GIN;Guinea;Guinean
GP;GLP;Guadeloupe;French
GQ;GNQ;Equatorial Guinea;Equatorial Guinean
GR;GRC;Greece;Greek
GS;SGS;South Georgia and the South Sandwich Islands;South Georgia
GT;GTM;Guatemala;Guatemalan
GU;GUM;Guam;American
GW;GNB;Guinea-Bissau;Guinean
GY;GUY;Guyana;Guyanese
HK;HKG;Hong Kong;Hong Kong
HM;HMD;Heard Island and McDonald Islands;Heard Island or McDonald Islands
HN;HND;Honduras;Honduran
HR;HRV;Croatia;Croatian
HT;HTI;Haiti;Haitian
HU;HUN;Hungary;Hungarian
ID;IDN;Indonesia;Indonesian
IE;IRL;Ireland;Irish
IL;ISR;Israel;Israeli
IM;IMN;Isle of Man;Manx
IN;IND;India;Indian
IO;IOT;British Indian Ocean Territory (the);British
IQ;IRQ;Iraq;Iraqi
IR;IRN;Iran (Islamic Republic of);Iranian
IS;ISL;Iceland;Icelandic
IT;ITA;Italy;Italian
JE;JEY;Jersey;Channel Island
JM;JAM;Jamaica;Jamaican
JO;JOR;Jordan;Jordanian
JP;JPN;Japan;Japanese
KE;KEN;Kenya;Kenyan
KG;KGZ;Kyrgyzstan;Kyrgyzstani
KH;KHM;Cambodia;Cambodian
KI;KIR;Kiribati;Kiribati
KM;COM;Comoros (the);Comoran
KN;KNA;Saint Kitts and Nevis;Kittitian or Nevisian
KP;PRK;Korea (the Democratic People's Republic of);Korean
KR;KOR;Korea (the Republic of);Korean
KW;KWT;Kuwait;Kuwaiti
KY;CYM;Cayman Islands (the);British
KZ;KAZ;Kazakhstan;Kazakh
LA;LAO;Lao People's Democratic Republic (the);Laotian
LB;LBN;Lebanon;Lebanese
LC;LCA;Saint Lucia;Saint Lucian
LI;LIE;Liechtenstein;Liechtenstein
LK;LKA;Sri Lanka;Sri Lankan
LR;LBR;Liberia;Liberian
LS;LSO;Lesotho;Lesothan
LT;LTU;Lithuania;Lithuanian
LU;LUX;Luxembourg;Luxembourgian
LV;LVA;Latvia;Latvian
LY;LBY;Libya;Libyan
MA;MAR;Morocco;Moroccan
MC;MCO;Monaco;Monegasque
MD;MDA;Moldova (the Republic of);Moldovan
ME;MNE;Montenegro;Montenegrin
MF;MAF;Saint Martin (French part);Saint-Martinoise
MG;MDG;Madagascar;Madagascan
MH;MHL;Marshall Islands (the);Marshallese
MK;MKD;Macedonia (the former Yugoslav Republic of);Macedonian
ML;MLI;Mali;Malian
MM;MMR;Myanmar;Burmese
MN;MNG;Mongolia;Mongolian
MO;MAC;Macao;Portuguese
MP;MNP;Northern Mariana Islands (the);Marianian
MQ;MTQ;Martinique;French
MR;MRT;Mauritania;Mauritanian
MS;MSR;Montserrat;Montserrat
MT;MLT;Malta;Maltese
MU;MUS;Mauritius;Mauritian
MV;MDV;Maldives;Maldivian
MW;MWI;Malawi;Malawian
MX;MEX;Mexico;Mexican
MY;MYS;Malaysia;Malaysian
MZ;MOZ;Mozambique;Mozambican
NA;NAM;Namibia;Namibian
NC;NCL;New Caledonia;French
NE;NER;Niger (the);Nigerien
NF;NFK;Norfolk Island;Norfolk Island
NG;NGA;Nigeria;Nigerian
NI;NIC;Nicaragua;Nicaraguan
NL;NLD;Netherlands (the);Dutch
NO;NOR;Norway;Norwegian
NP;NPL;Nepal;Nepalese
NR;NRU;Nauru;Nauruian
NU;NIU;Niue;Niuean
NZ;NZL;New Zealand;New Zealand
OM;OMN;Oman;Omani
PA;PAN;Panama;Panamanian
PE;PER;Peru;Peruvian
PF;PYF;French Polynesia;French
PG;PNG;Papua New Guinea;Papua New Guinean
PH;PHL;Philippines (the);Filipino
PK;PAK;Pakistan;Pakistani
PL;POL;Poland;Polish
PM;SPM;Saint Pierre and Miquelon;French
PN;PCN;Pitcairn;British
PR;PRI;Puerto Rico;American
PS;PSE;Palestine, State of;Palestinian
PT;PRT;Portugal;Portuguese
PW;PLW;Palau;Palauan
PY;PRY;Paraguay;Paraguayan
QA;QAT;Qatar;Qatari
RE;REU;Réunion;French
RO;ROU;Romania;Romanian
RS;SRB;Serbia;Serbian
RU;RUS;Russian Federation (the);Russian
RW;RWA;Rwanda;Rwandan
SA;SAU;Saudi Arabia;Saudi Arabian
SB;SLB;Solomon Islands;Solomon Islander
SC;SYC;Seychelles;Seychellois
SD;SDN;Sudan (the);Sudanese
SE;SWE;Sweden;Swedish
SG;SGP;Singapore;Singaporean
SH;SHN;Saint Helena, Ascension and Tristan da Cunha;Saint Helenian
SI;SVN;Slovenia;Slovenian
SJ;SJM;Svalbard and Jan Mayen;Norwegian
SK;SVK;Slovakia;Slovak
SL;SLE;Sierra Leone;Sierra Leonean
SM;SMR;San Marino;Sammarinese
SN;SEN;Senegal;Senegalese
SO;SOM;Somalia;Somali
SR;SUR;Suriname;Surinamese
SS;SSD;South Sudan;South Sudanese
ST;STP;Sao Tome and Principe;Sao Tomean
SV;SLV;El Salvador;Salvadoran
SX;SXM;Sint Maarten (Dutch part);Sint Maarten
SY;SYR;Syrian Arab Republic;Syrian
SZ;SWZ;Swaziland;Swazi
TC;TCA;Turks and Caicos Islands (the);Turks and Caicos Island
TD;TCD;Chad;Chadian
TF;ATF;French Southern Territories (the);French
TG;TGO;Togo;Togolese
TH;THA;Thailand;Thai
TJ;TJK;Tajikistan;Tajikistani
TK;TKL;Tokelau;Tokelauan
TL;TLS;Timor-Leste;Timorese
TM;TKM;Turkmenistan;Turkmen
TN;TUN;Tunisia;Tunisian
TO;TON;Tonga;Tongan
TR;TUR;Turkey;Turkish
TT;TTO;Trinidad and Tobago;Trinidadian or Tobagonian
TV;TUV;Tuvalu;Tuvaluan
TW;TWN;Taiwan (Province of China);Chinese
TZ;TZA;Tanzania, United Republic of;Tanzanian
UA;UKR;Ukraine;Ukrainian
UG;UGA;Uganda;Ugandan
UM;UMI;United States Minor Outlying Islands (the);American
US;USA;United States of America (the);American
UY;URY;Uruguay;Uruguayan
UZ;UZB;Uzbekistan;Uzbekistani
VA;VAT;Holy See (the);Vatican
VC;VCT;Saint Vincent and the Grenadines;Vincentian
VE;VEN;Venezuela (Bolivarian Republic of);Venezuelan
VG;VGB;Virgin Islands (British);British Virgin Island
VI;VIR;Virgin Islands (U.S.);U.S. Virgin Island
VN;VNM;Viet Nam;Vietnamese
VU;VUT;Vanuatu;Ni-Vanuatu
WF;WLF;Wallis and Futuna;Wallis and Futuna, Wallisian or Futunan
WS;WSM;Samoa;Samoan
YE;YEM;Yemen;Yemeni
YT;MYT;Mayotte;French
ZA;ZAF;South Africa;South African
ZM;ZMB;Zambia;Zambian
ZW;ZWE;Zimbabwe;Zimbabwean